{"cameraMode":{"drawMode":0,"name":"Shaded","section":"Shading Mode"},"sceneLighting":false,"audioPlay":false,"sceneViewState":{"m_AlwaysRefresh":false,"showFog":true,"showSkybox":false,"showFlares":true,"showImageEffects":true,"showParticleSystems":true,"showVisualEffectGraphs":true,"m_FxEnabled":true},"in2DMode":false,"pivot":{"x":-0.08896656334400177,"y":0.0520726814866066,"z":0.0910160094499588},"rotation":{"x":-0.0013095334870740772,"y":-0.9933817386627197,"z":0.11435234546661377,"w":-0.011317828670144081},"size":0.12072950601577759,"orthographic":false}