{"cameraMode":{"drawMode":0,"name":"Shaded","section":"Shading Mode"},"sceneLighting":false,"audioPlay":false,"sceneViewState":{"m_AlwaysRefresh":false,"showFog":true,"showSkybox":false,"showFlares":true,"showImageEffects":true,"showParticleSystems":true,"showVisualEffectGraphs":true,"m_FxEnabled":true},"in2DMode":false,"pivot":{"x":-0.09964916110038758,"y":-0.007695041596889496,"z":0.11814603954553604},"rotation":{"x":-0.04675253853201866,"y":-0.9386804103851318,"z":0.14070744812488557,"w":-0.3114719092845917},"size":1.8838207721710206,"orthographic":false}